{"cameraMode":{"drawMode":0,"name":"Shaded","section":"Shading Mode"},"sceneLighting":true,"audioPlay":false,"sceneViewState":{"m_AlwaysRefresh":false,"showFog":true,"showSkybox":true,"showFlares":true,"showImageEffects":true,"showParticleSystems":true,"showVisualEffectGraphs":true,"m_FxEnabled":true},"in2DMode":false,"pivot":{"x":561.8211059570313,"y":376.4139099121094,"z":-153.680419921875},"rotation":{"x":-0.00020671679521910846,"y":0.9980494976043701,"z":0.0626501590013504,"w":0.003292633453384042},"size":334.4027099609375,"orthographic":false}