{"cameraMode":{"drawMode":0,"name":"Shaded","section":"Shading Mode"},"sceneLighting":false,"audioPlay":false,"sceneViewState":{"m_AlwaysRefresh":false,"showFog":true,"showSkybox":false,"showFlares":true,"showImageEffects":true,"showParticleSystems":true,"showVisualEffectGraphs":true,"m_FxEnabled":true},"in2DMode":false,"pivot":{"x":-0.19844818115234376,"y":2.9283742904663088,"z":-0.411440372467041},"rotation":{"x":0.1876343935728073,"y":0.8122710585594177,"z":-0.37919339537620547,"w":0.40168526768684389},"size":3.8556034564971926,"orthographic":false}